<!--
 * Licensed to the Apache Software Foundation (ASF) under one
 * or more contributor license agreements.  See the NOTICE file
 * distributed with this work for additional information
 * regarding copyright ownership.  The ASF licenses this file
 * to you under the Apache License, Version 2.0 (the
 * "License"); you may not use this file except in compliance
 * with the License.  You may obtain a copy of the License at
 *
 *     http://www.apache.org/licenses/LICENSE-2.0
 *
 * Unless required by applicable law or agreed to in writing, software
 * distributed under the License is distributed on an "AS IS" BASIS,
 * WITHOUT WARRANTIES OR CONDITIONS OF ANY KIND, either express or implied.
 * See the License for the specific language governing permissions and
 * limitations under the License.
-->
<configuration scan="true">
    <jmxConfigurator />
    <appender name="FILE"
        class="ch.qos.logback.core.rolling.RollingFileAppender">
        <file>${lealone.logdir}/lealone.log</file>
        <rollingPolicy
            class="ch.qos.logback.core.rolling.FixedWindowRollingPolicy">
            <fileNamePattern>${lealone.logdir}/lealone.log.%i.zip
            </fileNamePattern>
            <minIndex>1</minIndex>
            <maxIndex>20</maxIndex>
        </rollingPolicy>

        <triggeringPolicy
            class="ch.qos.logback.core.rolling.SizeBasedTriggeringPolicy">
            <maxFileSize>20MB</maxFileSize>
        </triggeringPolicy>
        <encoder>
            <pattern>%-5level [%thread] [%date{ISO8601}] [%F] %msg%n
            </pattern>
            <!-- old-style log format 
			<pattern>%5level [%thread] %date{ISO8601} %F (line %L) %msg%n</pattern>
			-->
        </encoder>
    </appender>

    <appender name="STDOUT" class="ch.qos.logback.core.ConsoleAppender">
        <encoder>
            <pattern>%-5level %date{HH:mm:ss.SSS} %msg%n</pattern>
        </encoder>
    </appender>

    <root level="INFO">
        <appender-ref ref="FILE" />
        <appender-ref ref="STDOUT" />
    </root>
</configuration>
